Workbook

Sheet 표지
Q2: 2024년 고도화 견적서_ver1
A10: =종합!A4 -> ㈜우원기술
C35: CONTACT US

Sheet 종합
A1: E S T I M A T E S H E E T | J1: 2024년 고도화 견적서_ver1
A2: K-System 고도화 견적서
J3: 견적서 작성 시 영업대표에게 확인해야 할 업체
A4: ㈜우원기술 | J4: 1) JW바이오사이언스 : 유지관리비용 포함 시 비율건
J5: 2) KPX 그룹 : 유지관리 비율 및 무상기간 건
A6: 견적일 : | B6: 45766
B7: 유효기간은 견적일로부터 30일 | E7: 서울특별시 강서구 양천로 583
A8: Total : | B8: =G15 -> 61850000 | E8: 대표이사 권 영범
A9: (VAT별도) | B9: (유상 유지관리금액 발생) | E9: TEL : 02-2093-1100
A11: 1. K-System 구축 | G11: (단위:원, VAT별도)
A12: 품명 | C12: 공수 | D12: 라이선스 | E12: 컨설팅 | F12: 개발 | G12: 합계
A13: K-System ERP | B13: Consulting | C13: =인건비!F6 -> 15 | E13: =SUM(인건비!G6) -> 14250000 | G13: =SUM(D13:F13) -> 14250000 | J13: 공수 (M/D ⇒ M/M) | N13: 단가 재확인
B14: Customizing | C14: =인건비!F7 -> 68 | F14: =SUM(인건비!G7) -> 47600000 | G14: =SUM(D14:F14) -> 47600000 | J14: =C13 -> 15 | K14: ⇒ | L14: =J14/20 -> 0.75 | N14: =G13 -> 14250000 | O14: ÷ | P14: =C13 -> 15 | Q14: = | R14: =N14/P14 -> 950000
A15: 제안금액 | G15: =SUM(G13:H14) -> 61850000 | J15: =C14 -> 68 | K15: ⇒ | L15: =J15/20 -> 3.4 | N15: =G14 -> 47600000 | O15: ÷ | P15: =C14 -> 68 | Q15: = | R15: =N15/P15 -> 700000
A16: Remark
A18: -. 계약은 전자계약으로 진행하며 계약 완료 후 프로젝트를 진행합니다.
A19: -. 결제조건은 계약금 50%, 잔금 50% 현금이며, 세금계산서 발행조건은 다음과 같습니다.
A20: * 계약금 : 계약 날인 후 세금계산서 발행, 30일 이내 현금 지급
A21: * 잔 금 : 검수 확인 후 세금계산서 발행, 30일 이내 현금 지급
A22: -. 무상유지관리는 검수 확인 후 3개월이며, 유상유지관리는 무상유지관리 종료 후 전환됩니다.
A23: -. 고도화 프로젝트는 비상주로 진행합니다.
A26: Remark
A28: -. 계약은 전자계약으로 진행하며 계약 완료 후 프로젝트를 진행합니다.
A29: -. 결제조건은 잔금 100% 현금이며, 세금계산서 발행조건은 다음과 같습니다.
A30: * 잔 금 : 검수 확인 후 세금계산서 발행, 30일 이내 현금 지급
A31: -. 무상유지관리는 검수 확인 후 3개월이며, 유상유지관리는 무상유지관리 종료 후 전환됩니다.
A32: -. 고도화 프로젝트는 비상주로 진행합니다.

Sheet 인건비
A1: E S T I M A T E S H E E T | I1: 2024년 고도화 견적서_ver1
A2: K-System 고도화 인건비 및 유지관리 | K2: 고객사 지급 비율 (영림원 지급 조건) | Q2: 외주비 단가
K3: 구분 | L3: 계약금액 | M3: 비율 | N3: 지급금액 | Q3: 영림원단가 | R3: ▶ | S3: 외주단가(M/D) | T3: 외주단가(M/M)
A4: 1. K-System 고도화 | G4: (단위:원, VAT별도) | K4: 계약금 | L4: =종합!B8 -> 61850000 | M4: 0.5 | N4: =L4*M4 -> 30925000 | P4: =A6 -> Consulting | Q4: =E6 -> 950000 | S4: =Q4*85% -> 807500 | T4: =S4*20 -> 16150000
A5: 구분 | B5: 내역 | E5: 단가 | F5: 공수 | G5: 금액 | H5: ☜ | I5: 컨설턴트 공수는 추가개발 공수의 최소 10%를 적용합니다. ----------- (Nego 요청 감안 할 것) | K5: 중도금 | M5: 0 | N5: =L4*M5 -> 0 | P5: =A7 -> Customizing | Q5: =E7 -> 700000 | S5: =Q5*75% -> 525000 | T5: =S5*20 -> 10500000
A6: Consulting | B6: -. 추가개발을 위한 사전 업무 분석 -. 일정관리, 스펙작성, 이슈관리 등 | E6: 950000 | F6: 15 | G6: =E6*F6 -> 14250000 | K6: 잔금 | M6: 0.5 | N6: =L4*M6 -> 30925000 | Q6: 계약날인 후 세금계산서 발행 / 30일 이내 현금 결재
A7: Customizing | B7: -. 추가개발 (상세개발 Sheet 참조) | E7: 700000 | F7: =개발상세공수!D15 -> 68 | G7: =E7*F7 -> 47600000 | K7: 합계 | L7: =L4 -> 61850000 | M7: =SUM(M4:M6) -> 1 | N7: =SUM(N4:N6) -> 61850000 | Q7: 개발완료 검수 후 세금계산서 발행 / 30일 이내 현금 결재
A8: 합계(VAT 별도) | F8: =SUM(G6:G7) -> 61850000
A9: 제안 금액(VAT 별도) | F9: =F8 -> 61850000
K10: 외주비 자동 산출
K11: 외주 비용 | O11: ▶ | P11: 외주 비용 지급 조건
H12: ☜ | I12: 제품군을 (Genuine, Ace) 선택합니다. | K12: 구분 | L12: 계약금액 | M12: 비율 | N12: 외주금액 | P12: 구분 | Q12: 계약금액 | R12: 비율 | S12: 지급금액
K13: 컨설턴트 | L13: =G6 -> 14250000 | M13: 0.85 | N13: =L13*M13 -> 12112500 | P13: 계약금 | Q13: =N16 -> 47812500 | R13: =M4 -> 0.5 | S13: =Q13*R13 -> 23906250
K14: 개발자 | L14: =G7 -> 47600000 | M14: 0.75 | N14: =L14*M14 -> 35700000 | P14: 중도금 | R14: =M5 -> 0 | S14: =Q13*R14 -> 0
K15: 재경비 | N15: =L15*M15 -> 0 | P15: 잔금 | R15: =M6 -> 0.5 | S15: =Q13*R15 -> 23906250
K16: 합계 | N16: =SUM(N13:N15) -> 47812500 | P16: 합계 | R16: =SUM(R13:R15) -> 1 | S16: =SUM(S13:S15) -> 47812500
A17: ▣ K-System 고도화 (유상유지관리 금액 발생 안함) | G17: (단위:원, VAT별도)
A18: 구분 | B18: 내역 | E18: 단가 | F18: 개발공수 | G18: 금액 | H18: ☜ | I18: 개발금액 2,000만원 이하만 사용 가능합니다. (컨설팅 금액은 무시)
A19: =A6 -> Consulting | B19: =B6 -> -. 추가개발을 위한 사전 업무 분석 -. 일정관리, 스펙작성, 이슈관리 등 | E19: =E6 -> 950000 | F19: =F6 -> 15 | G19: =G6 -> 14250000 | K19: 재경비가 있는 경우만 활용하세요!!
A20: =A7 -> Customizing | B20: =B7 -> -. 추가개발 (상세개발 Sheet 참조) | E20: =E7 -> 700000 | F20: =F7 -> 68 | G20: =G7 -> 47600000 | K20: 구분 | L20: 계약금액 | M20: 비율 | N20: 외주금액
A21: 합계(VAT 별도) | F21: =F9 -> 61850000 | K21: =K13 -> 컨설턴트 | L21: =L13 -> 14250000 | M21: 0.85 | N21: =N13 -> 12112500
A22: 유상유지관리 금액을 발생시키지 않기 위한 추가 금액 (신규 추가개발 금액 * 40%) | F22: =D13*0.4 -> 0 | K22: =K14 -> 개발자 | L22: =L14 -> 47600000 | M22: =M14 -> 0.75 | N22: =N14 -> 35700000
A23: 제안 금액(VAT 별도) | F23: =SUM(F21:G22) -> 61850000 | K23: =K15 -> 재경비 | L23: =L15 -> 0 | M23: 1 | N23: =L23*M23 -> 0
K24: 합계 | N24: =SUM(N20:N23) -> 47812500
H25: ↖ | I25: 개발금액 2,000만원 이상을 사용 할 경우는 별도품의로 진행합니다. ----------- (영업대표에서 요청 할 것)

Sheet 개발상세공수
A1: E S T I M A T E S H E E T | M1: 2025년 고도화 견적서_ver1
A2: K-System 고도화 상세 내역
A3: 추가개발 상세 내역 | B3: 추가개발 상세 내역
A4: 1. 추가개발 상세 내역 | J4: (단위:M/D)
A5: 구분 | B5: 상세개발내역 (상세내역 자세히 기록) | C5: 개발 구분 | D5: 개발공수 (M/D) | E5: 상세개발공수 산정내역(M/D)
E6: 요구사항 분석 | F6: Spec 작성 | G6: 구현 (coding) | H6: 테스트 | J6: 매뉴얼 | K6: 설치
H7: 실행 | I7: 문서
A8: 실시간원가 | B8: [프로젝트 그룹 설정_woowon ] -실시간 원가에서 프로젝트 묶어서 조회 하기 위한 프로젝트 설정 화면 -신규 프로젝트 코드도움 개발 [프로젝트 그룹 조회_woowon ] -입력 화면에서 저장한 데이터 조회 /입력 화면 점프가능 | C8: 신규 | D8: 10 | E8: =D8*0.1 -> 1 | F8: =D8*0.05 -> 0.5 | G8: =D8*0.65 -> 6.5 | H8: =D8*0.08 -> 0.8 | I8: =D8*0.05 -> 0.5 | J8: =D8*0.05 -> 0.5 | K8: =D8*0.02 -> 0.2
B9: [실시간원가인건비계산설정_woowon] -노무비 공수 계산위한 직접부서 설정 -직위별 단가표 설정 | C9: 신규 | D9: 10 | E9: =D9*0.1 -> 1 | F9: =D9*0.05 -> 0.5 | G9: =D9*0.65 -> 6.5 | H9: =D9*0.08 -> 0.8 | I9: =D9*0.05 -> 0.5 | J9: =D9*0.05 -> 0.5 | K9: =D9*0.02 -> 0.2
B10: [실시간원가비율설정_woowon] ※경비, 간접제조경비, 판관비 계산 항목에 적용된 비율 / 연단위 고정값 입력 | C10: 신규 | D10: 5
B11: [실시간원가처리_woowon] -금액 계산 기준 재료비 - 구매입고 기준 노무비 - 직접 부서별 승인공수 기준 / 직위별 단가 기준 직접경비 - 외주가공비 / 외주계약 기준 기타직접경비 / 전표 기준 간접제조경비 - 직접경비 * 비율 판매비 - 매출액 * 비율 -과거에 프로젝트 결산 원가 내역이 있을 경우 해당 데이터 반영하여 실시간 원가 조회 -실시간 원가처리내역 차수별로 저장 기능 제공 하여 시점별 history 관리 | C11: 신규 | D11: 15
B12: [실시간원가차수별조회_woowon] ※실시간원가 차수별 저장 데이터 조회 가능 / 처리 화면으로 점프가능 | C12: 신규 | D12: 8
B13: [실시간원가조회Dashboard(임원용)_woowon] ※예산대비실적 차트로 보여 주기 / ERP 화면 점프가능 | C13: 신규 | D13: 10
B14: [실시간원가조회Dashboard(관리자용)_woowon] ※예산대비실적 차트로 보여 주기 /ERP 화면 점프가능 | C14: 신규 | D14: 10
A15: 추가개발 공수 합계 (M/D) | D15: =SUM(D8:D14) -> 68 | E15: =SUM(E8:E14) -> 2 | F15: =SUM(F8:F14) -> 1 | G15: =SUM(G8:G14) -> 13 | H15: =SUM(H8:H14) -> 1.6 | I15: =SUM(I8:I14) -> 1 | J15: =SUM(J8:J14) -> 1 | K15: =SUM(K8:K14) -> 0.4
B17: 유지관리금액에 반영되는 공수 ⇒ | C17: 신규 | D17: =SUMIF(C8:C14,"신규",D8:D14) -> 68
B18: 유지관리금액에 반영되지 않는 공수 ⇒ | C18: 수정 | D18: =SUMIF(C8:C14,"수정",D8:D14) -> 0
C19: 합계 | D19: =SUM(D17:D18) -> 68

Sheet 별첨1.등급별 산정 근거(노임단가)
L1: 2024년 고도화 견적서_ver1
A2: 별첨#1. 등급별 산정 근거
A4: 1. 별첨. 등급별 산정 근거 | H4: (단위:원)
A5: 적용년도 | B5: 역할 | C5: SW기술자 구분 | D5: 노임단가 (일) | E5: 월인건비단가 | F5: 제경비 | G5: 기술료 | H5: 월단가합계 | I5: 영림원기준(월) | J5: 영림원기준(일)
E6: 20.88 | F6: 1.1 | G6: 0.2
A7: 2024년 | B7: PD | C7: ② IT컨설턴트 | D7: 476404 | E7: =D7*$E$6 -> 9947315.5 | F7: =E7*$F$6 -> 10942047 | G7: =(E7+F7)*$G$6 -> 4177872.5 | H7: =E7+F7+G7 -> 25067235 | I7: 22000000 | J7: =ROUNDDOWN(I7/20,-4) -> 1100000
B8: PM | C8: ⑤ IT프로젝트관리자 | D8: 456225 | E8: =D8*$E$6 -> 9525978 | F8: =E8*$F$6 -> 10478576 | G8: =(E8+F8)*$G$6 -> 4000910.8 | H8: =E8+F8+G8 -> 24005465 | I8: 20000000 | J8: =ROUNDDOWN(I8/20,-4) -> 1000000
B9: PL | C9: ⑤ IT프로젝트관리자 보조 | D9: =$D$8*80% -> 364980 | E9: =D9*$E$6 -> 7620782.4 | F9: =E9*$F$6 -> 8382860.6 | G9: =(E9+F9)*$G$6 -> 3200728.6 | H9: =E9+F9+G9 -> 19204372 | I9: 18000000 | J9: =ROUNDDOWN(I9/20,-4) -> 900000
B10: 개발 | C10: ⑨ 응용SW개발자 | D10: 341404 | E10: =D10*$E$6 -> 7128515.5 | F10: =E10*$F$6 -> 7841367.1 | G10: =(E10+F10)*$G$6 -> 2993976.5 | H10: =E10+F10+G10 -> 17963859 | I10: 15000000 | J10: =ROUNDDOWN(I10/20,-4) -> 750000
B11: SE | C11: ⑪ 정보시스템운용자 | D11: 435608 | E11: =D11*$E$6 -> 9095495 | F11: =E11*$F$6 -> 10005045 | G11: =(E11+F11)*$G$6 -> 3820107.9 | H11: =E11+F11+G11 -> 22920648 | I11: 15000000 | J11: 750000
A12: ※ PL은 PM의 보조업무로 판단하여 SW 기술자 구분의 ⑤ IT프로젝트관리자의 80% 단가 적용
A13: Remark
A15: 1. SW기술자 평균임금은 소프트웨어진흥법 제46조(적정대가지급등) 제4항 ‘소프트웨어기술자의 인건비 기준’을 지칭함
A16: 2. SW기술자 평균임금은 기본급, 제수당, 상여금, 퇴직급여충당금, 법인부담금을 모두 포함한 결과임
A17: 3. 노임단가(일)은 월평균임금÷평균근무일수(20.88일)로 산정함
A18: 4. 평균근무일수는 휴일, 법정공휴일 등을 제외한 업체가 응답한 근무일의 평균이며, 이는 개인의 휴가 사용여부와는 무관함
A19: 5. SW기술자 평균임금은 전년 대비 8.25% 증가함
A20: 6. 출처 : 한국 소프트웨어 산업협회 (http://www.sw.or.kr)
A21: 7. 계산근거 : 용역단가 = 월인건비단가 + 제경비 + 기술료
A22: - 제경비는 직접인건비에 기본제경비율 110%를 곱하여 산정
A23: - 직접인건비와 제경비의 합계액에 기본기술료율 20%를 곱하여 산정
A24: 8. [시행일] 2024년 1월 1일부터 2024년 12월 31일까지 적용

Sheet (내부용)세금계산서의뢰--->

Sheet 계약금_세금계산서
A1: 『세금계산서 발급의뢰서』
J2: 담당자 | K2: 김정민님 | L2: jmkim2@ksystem.co.kr
K3: 김에스더님 | L3: ekim@ksystem.co.kr
A4: 거래처명 | C4: =종합!A4 -> ㈜우원기술 | J4: 세금계산서 발행 요청은 25일 이전 or 오전에 진행합니다.
A5: 발 행 NO | J5: 특히 분기가 넘어가는 월은 조심해야 합니다.
A6: 부 서 명 | C6: 고객가치사업부 | J6: 분기 결산을 하므로 취소하기 어렵습니다.
A7: 담 당 자 | C7: 김재호
A8: 세금계산서발행일 | J8: 세금계산서 발행 후 담당자에게 발행했다는 문자를 남기는 것이 좋습니다.
A9: 수금예정일 | C9: 익월말 | J9: 가끔 못 받았다는 분들이 있습니다.
A11: 발행내역
A12: NO | B12: PROJECT NO. | C12: 품명 | D12: 수량 | E12: 단 가 | F12: 금 액 | G12: 세 액 | H12: 비 고
A13: 1 | B13: =C4 -> ㈜우원기술 | C13: 추가개발 | D13: 1 | E13: =인건비!N4 -> 30925000 | F13: =E13 -> 30925000 | G13: =F13*0.1 -> 3092500 | H13: =인건비!K4 -> 계약금
A15: 소 계 | F15: =SUM(F13:F14) -> 30925000 | G15: =SUM(G13:G14) -> 3092500
A16: 합 계 금 액 | F16: =F15+G15 -> 34017500
A17: 비 고 | C17: 사업자번호 | F17: 대표자
C18: 상 호
C19: 주 소
C20: 업 태 | F20: 종 목

Sheet 잔금_세금계산서
A1: 『세금계산서 발급의뢰서』
J2: 담당자 | K2: 김정민님 | L2: jmkim2@ksystem.co.kr
K3: 김에스더님 | L3: ekim@ksystem.co.kr
A4: 거래처명 | C4: =계약금_세금계산서!C4 -> ㈜우원기술 | J4: 세금계산서 발행 요청은 25일 이전 or 오전에 진행합니다.
A5: 발 행 NO | J5: 특히 분기가 넘어가는 월은 조심해야 합니다.
A6: 부 서 명 | C6: =계약금_세금계산서!C6 -> 고객가치사업부 | J6: 분기 결산을 하므로 취소하기 어렵습니다.
A7: 담 당 자 | C7: =계약금_세금계산서!C7 -> 김재호
A8: 세금계산서발행일 | J8: 세금계산서 발행 후 담당자에게 발행했다는 문자를 남기는 것이 좋습니다.
A9: 수금예정일 | C9: =계약금_세금계산서!$C$9 -> 익월말 | J9: 가끔 못 받았다는 분들이 있습니다.
A11: 발행내역
A12: NO | B12: PROJECT NO. | C12: 품명 | D12: 수량 | E12: 단 가 | F12: 금 액 | G12: 세 액 | H12: 비 고
A13: 1 | B13: =C4 -> ㈜우원기술 | C13: =계약금_세금계산서!C13 -> 추가개발 | D13: 1 | E13: =인건비!N6 -> 30925000 | F13: =E13 -> 30925000 | G13: =F13*0.1 -> 3092500 | H13: =인건비!K6 -> 잔금
A15: 소 계 | F15: =SUM(F13:F14) -> 30925000 | G15: =SUM(G13:G14) -> 3092500
A16: 합 계 금 액 | F16: =F15+G15 -> 34017500
A17: 비 고 | C17: 사업자번호 | F17: 대표자
C18: 상 호
C19: 주 소
C20: 업 태 | F20: 종 목

Sheet 중도금_세금계산서
A1: 『세금계산서 발급의뢰서』
J2: 담당자 | K2: 김정민님 | L2: jmkim2@ksystem.co.kr
K3: 김에스더님 | L3: ekim@ksystem.co.kr
A4: 거래처명 | C4: =계약금_세금계산서!$C$4 -> ㈜우원기술 | J4: 세금계산서 발행 요청은 25일 이전 or 오전에 진행합니다.
A5: 발 행 NO | J5: 특히 분기가 넘어가는 월은 조심해야 합니다.
A6: 부 서 명 | C6: =계약금_세금계산서!C6 -> 고객가치사업부 | J6: 분기 결산을 하므로 취소하기 어렵습니다.
A7: 담 당 자 | C7: =계약금_세금계산서!C7 -> 김재호
A8: 세금계산서발행일 | J8: 세금계산서 발행 후 담당자에게 발행했다는 문자를 남기는 것이 좋습니다.
A9: 수금예정일 | C9: =계약금_세금계산서!$C$9 -> 익월말 | J9: 가끔 못 받았다는 분들이 있습니다.
A11: 발행내역
A12: NO | B12: PROJECT NO. | C12: 품명 | D12: 수량 | E12: 단 가 | F12: 금 액 | G12: 세 액 | H12: 비 고
A13: 1 | B13: =C4 -> ㈜우원기술 | C13: =계약금_세금계산서!$C$13 -> 추가개발 | D13: 1 | E13: =인건비!N5 -> 0 | F13: =E13 -> 0 | G13: =F13*0.1 -> 0 | H13: =인건비!K5 -> 중도금
A15: 소 계 | F15: =SUM(F13:F14) -> 0 | G15: =SUM(G13:G14) -> 0
A16: 합 계 금 액 | F16: =F15+G15 -> 0
A17: 비 고 | C17: 사업자번호 | F17: 대표자
C18: 상 호
C19: 주 소
C20: 업 태 | F20: 종 목
